sig_id,pert_type,gene_id
CGS001_NPC_96H:LHX3:1.5,trt_sh.cgs,8022
CGS001_NPC_96H:PRKCE:1.5,trt_sh.cgs,5581
CGS001_NPC_96H:SENP5:1.5,trt_sh.cgs,205564
CGS001_NPC_96H:HBE1:1.5,trt_sh.cgs,3046
CGS001_NPC_96H:NDUFA2:1.5,trt_sh.cgs,4695
CGS001_NPC_96H:ZGPAT:1.5,trt_sh.cgs,84619
CGS001_NPC_96H:BCKDHA:1.5,trt_sh.cgs,593
CGS001_NPC_96H:PAFAH1B2:1.5,trt_sh.cgs,5049
CGS001_NPC_96H:SPECC1L:1.5,trt_sh.cgs,23384
CGS001_NPC_96H:TBX2:1.5,trt_sh.cgs,6909
CGS001_NPC_96H:EPN2:1.5,trt_sh.cgs,22905
CGS001_NPC_96H:KIAA0100:1.5,trt_sh.cgs,9703
CGS001_NPC_96H:KIAA0355:1.5,trt_sh.cgs,9710
CGS001_NPC_96H:KIAA0753:1.5,trt_sh.cgs,9851
CGS001_NPC_96H:BECN1:1.5,trt_sh.cgs,8678
CGS001_NPC_96H:CAT:1.5,trt_sh.cgs,847
CGS001_NPC_96H:CPNE3:1.5,trt_sh.cgs,8895
CGS001_NPC_96H:CCNF:1.5,trt_sh.cgs,899
CGS001_NPC_96H:LGMN:1.5,trt_sh.cgs,5641
CGS001_NPC_96H:MLEC:1.5,trt_sh.cgs,9761
CGS001_NPC_96H:MYO10:1.5,trt_sh.cgs,4651
CGS001_NPC_96H:PXN:1.5,trt_sh.cgs,5829
CGS001_NPC_96H:SOX4:1.5,trt_sh.cgs,6659
CGS001_NPC_96H:CAPN1:1.5,trt_sh.cgs,823
CGS001_NPC_96H:CALU:1.5,trt_sh.cgs,813
CGS001_NPC_96H:CTTN:1.5,trt_sh.cgs,2017
CGS001_NPC_96H:CCNA2:1.5,trt_sh.cgs,890
CGS001_NPC_96H:CCNB2:1.5,trt_sh.cgs,9133
CGS001_NPC_96H:DNM1:1.5,trt_sh.cgs,1759
CGS001_NPC_96H:NISCH:1.5,trt_sh.cgs,11188
CGS001_NPC_96H:SESN1:1.5,trt_sh.cgs,27244
CGS001_NPC_96H:SFN:1.5,trt_sh.cgs,2810
CGS001_NPC_96H:C2CD2L:1.5,trt_sh.cgs,9854
CGS001_NPC_96H:ANXA7:1.5,trt_sh.cgs,310
CGS001_NPC_96H:CDH3:1.5,trt_sh.cgs,1001
CGS001_NPC_96H:CHN1:1.5,trt_sh.cgs,1123
CGS001_NPC_96H:CORO1A:1.5,trt_sh.cgs,11151
CGS001_NPC_96H:XPO7:1.5,trt_sh.cgs,23039
CGS001_NPC_96H:LGALS8:1.5,trt_sh.cgs,3964
CGS001_NPC_96H:GPC1:1.5,trt_sh.cgs,2817
CGS001_NPC_96H:KTN1:1.5,trt_sh.cgs,3895
CGS001_NPC_96H:RBKS:1.5,trt_sh.cgs,64080
CGS001_NPC_96H:SCRN1:1.5,trt_sh.cgs,9805
CGS001_NPC_96H:STMN1:1.5,trt_sh.cgs,3925
CGS001_NPC_96H:STX4:1.5,trt_sh.cgs,6810
CGS001_NPC_96H:EML3:1.5,trt_sh.cgs,256364
CGS001_NPC_96H:CTSD:1.5,trt_sh.cgs,1509
CGS001_NPC_96H:CYTH1:1.5,trt_sh.cgs,9267
CGS001_NPC_96H:HOXA5:1.5,trt_sh.cgs,3202
CGS001_NPC_96H:IPO13:1.5,trt_sh.cgs,9670
CGS001_NPC_96H:MCOLN1:1.5,trt_sh.cgs,57192
CGS001_NPC_96H:RTN2:1.5,trt_sh.cgs,6253
CGS001_NPC_96H:STX1A:1.5,trt_sh.cgs,6804
CGS001_NPC_96H:UBQLN2:1.5,trt_sh.cgs,29978
CGS001_NPC_96H:LIG1:1.5,trt_sh.cgs,3978
CGS001_NPC_96H:TPD52L2:1.5,trt_sh.cgs,7165
CGS001_NPC_96H:ANO10:1.5,trt_sh.cgs,55129
CGS001_NPC_96H:DSG2:1.5,trt_sh.cgs,1829
CGS001_NPC_96H:HOXA10:1.5,trt_sh.cgs,3206
CGS001_NPC_96H:PAX8:1.5,trt_sh.cgs,7849
CGS001_NPC_96H:RPN1:1.5,trt_sh.cgs,6184
CGS001_NPC_96H:CD58:1.5,trt_sh.cgs,965
CGS001_NPC_96H:CLSTN1:1.5,trt_sh.cgs,22883
CGS001_NPC_96H:TSPAN3:1.5,trt_sh.cgs,10099
CGS001_NPC_96H:TSPAN4:1.5,trt_sh.cgs,7106
CGS001_NPC_96H:TSPAN6:1.5,trt_sh.cgs,7105
CGS001_NPC_96H:ATMIN:1.5,trt_sh.cgs,23300
CGS001_NPC_96H:CD320:1.5,trt_sh.cgs,51293
CGS001_NPC_96H:EVL:1.5,trt_sh.cgs,51466
CGS001_NPC_96H:DCTD:1.5,trt_sh.cgs,1635
CGS001_NPC_96H:DNM1L:1.5,trt_sh.cgs,10059
CGS001_NPC_96H:ME2:1.5,trt_sh.cgs,4200
CGS001_NPC_96H:MSH6:1.5,trt_sh.cgs,2956
CGS001_NPC_96H:NUCB2:1.5,trt_sh.cgs,4925
CGS001_NPC_96H:NUP62:1.5,trt_sh.cgs,23636
CGS001_NPC_96H:NUP85:1.5,trt_sh.cgs,79902
CGS001_NPC_96H:NUP88:1.5,trt_sh.cgs,4927
CGS001_NPC_96H:NUP93:1.5,trt_sh.cgs,9688
CGS001_NPC_96H:SYNGR3:1.5,trt_sh.cgs,9143
CGS001_NPC_96H:FBXO7:1.5,trt_sh.cgs,25793
CGS001_NPC_96H:RAD51C:1.5,trt_sh.cgs,5889
CGS001_NPC_96H:AURKA:1.5,trt_sh.cgs,6790
CGS001_NPC_96H:AURKB:1.5,trt_sh.cgs,9212
CGS001_NPC_96H:CTNND1:1.5,trt_sh.cgs,1500
CGS001_NPC_96H:CERK:1.5,trt_sh.cgs,64781
CGS001_NPC_96H:CRYZ:1.5,trt_sh.cgs,1429
CGS001_NPC_96H:CYB561:1.5,trt_sh.cgs,1534
CGS001_NPC_96H:FOXJ3:1.5,trt_sh.cgs,22887
CGS001_NPC_96H:FOXO4:1.5,trt_sh.cgs,4303
CGS001_NPC_96H:NUP133:1.5,trt_sh.cgs,55746
CGS001_NPC_96H:SNX6:1.5,trt_sh.cgs,58533
CGS001_NPC_96H:SNX7:1.5,trt_sh.cgs,51375
CGS001_NPC_96H:FBXO21:1.5,trt_sh.cgs,23014
CGS001_NPC_96H:BACE2:1.5,trt_sh.cgs,25825
CGS001_NPC_96H:LBR:1.5,trt_sh.cgs,3930
CGS001_NPC_96H:NVL:1.5,trt_sh.cgs,4931
CGS001_NPC_96H:SGCB:1.5,trt_sh.cgs,6443
CGS001_NPC_96H:SNX11:1.5,trt_sh.cgs,29916
CGS001_NPC_96H:SNX13:1.5,trt_sh.cgs,23161
CGS001_NPC_96H:ACLY:1.5,trt_sh.cgs,47
CGS001_NPC_96H:FCHO1:1.5,trt_sh.cgs,23149
CGS001_NPC_96H:MALT1:1.5,trt_sh.cgs,10892
CGS001_NPC_96H:NIPSNAP1:1.5,trt_sh.cgs,8508
CGS001_NPC_96H:NUDT9:1.5,trt_sh.cgs,53343
CGS001_NPC_96H:GNAS:1.5,trt_sh.cgs,2778
CGS001_NPC_96H:MOK:1.5,trt_sh.cgs,5891
CGS001_NPC_96H:WDR7:1.5,trt_sh.cgs,23335
CGS001_NPC_96H:YME1L1:1.5,trt_sh.cgs,10730
CGS001_NPC_96H:GOLT1B:1.5,trt_sh.cgs,51026
CGS001_NPC_96H:GRN:1.5,trt_sh.cgs,2896
CGS001_NPC_96H:PRSS23:1.5,trt_sh.cgs,11098
CGS001_NPC_96H:COASY:1.5,trt_sh.cgs,80347
CGS001_NPC_96H:POLB:1.5,trt_sh.cgs,5423
CGS001_NPC_96H:MYCBP:1.5,trt_sh.cgs,26292
CGS001_NPC_96H:WDR61:1.5,trt_sh.cgs,80349
CGS001_NPC_96H:ATG3:1.5,trt_sh.cgs,64422
CGS001_NPC_96H:BLMH:1.5,trt_sh.cgs,642
CGS001_NPC_96H:CHEK2:1.5,trt_sh.cgs,11200
CGS001_NPC_96H:EXOSC4:1.5,trt_sh.cgs,54512
CGS001_NPC_96H:LYPLA1:1.5,trt_sh.cgs,10434
CGS001_NPC_96H:MVP:1.5,trt_sh.cgs,9961
CGS001_NPC_96H:NOL3:1.5,trt_sh.cgs,8996
CGS001_NPC_96H:TEX10:1.5,trt_sh.cgs,54881
CGS001_NPC_96H:TXNL4B:1.5,trt_sh.cgs,54957
CGS001_NPC_96H:DDX10:1.5,trt_sh.cgs,1662
CGS001_NPC_96H:DDX42:1.5,trt_sh.cgs,11325
CGS001_NPC_96H:DHX29:1.5,trt_sh.cgs,54505
CGS001_NPC_96H:SMAD3:1.5,trt_sh.cgs,4088
CGS001_NPC_96H:STAMBP:1.5,trt_sh.cgs,10617
CGS001_NPC_96H:USP6NL:1.5,trt_sh.cgs,9712
CGS001_NPC_96H:WASF3:1.5,trt_sh.cgs,10810
CGS001_NPC_96H:YKT6:1.5,trt_sh.cgs,10652
CGS001_NPC_96H:CBR1:1.5,trt_sh.cgs,873
CGS001_NPC_96H:CBR3:1.5,trt_sh.cgs,874
CGS001_NPC_96H:CTNNAL1:1.5,trt_sh.cgs,8727
CGS001_NPC_96H:CENPE:1.5,trt_sh.cgs,1062
CGS001_NPC_96H:DCK:1.5,trt_sh.cgs,1633
CGS001_NPC_96H:LOXL1:1.5,trt_sh.cgs,4016
CGS001_NPC_96H:PGM1:1.5,trt_sh.cgs,5236
CGS001_NPC_96H:PMM2:1.5,trt_sh.cgs,5373
CGS001_NPC_96H:RFX5:1.5,trt_sh.cgs,5993
CGS001_NPC_96H:SYPL1:1.5,trt_sh.cgs,6856
CGS001_NPC_96H:FASTKD5:1.5,trt_sh.cgs,60493
CGS001_NPC_96H:NPEPL1:1.5,trt_sh.cgs,79716
CGS001_NPC_96H:ELAC2:1.5,trt_sh.cgs,60528
CGS001_NPC_96H:ENOPH1:1.5,trt_sh.cgs,58478
CGS001_NPC_96H:ECH1:1.5,trt_sh.cgs,1891
CGS001_NPC_96H:HDAC6:1.5,trt_sh.cgs,10013
CGS001_NPC_96H:KDM3A:1.5,trt_sh.cgs,55818
CGS001_NPC_96H:KDM5A:1.5,trt_sh.cgs,5927
CGS001_NPC_96H:KDM5B:1.5,trt_sh.cgs,10765
CGS001_NPC_96H:PLP2:1.5,trt_sh.cgs,5355
CGS001_NPC_96H:SPR:1.5,trt_sh.cgs,6697
CGS001_NPC_96H:TLK2:1.5,trt_sh.cgs,11011
CGS001_NPC_96H:GATA3:1.5,trt_sh.cgs,2625
CGS001_NPC_96H:LYRM1:1.5,trt_sh.cgs,57149
CGS001_NPC_96H:RUVBL1:1.5,trt_sh.cgs,8607
CGS001_NPC_96H:SKIV2L:1.5,trt_sh.cgs,6499
CGS001_NPC_96H:SUPV3L1:1.5,trt_sh.cgs,6832
CGS001_NPC_96H:AARS:1.5,trt_sh.cgs,16
CGS001_NPC_96H:BLVRA:1.5,trt_sh.cgs,644
CGS001_NPC_96H:CDC45:1.5,trt_sh.cgs,8318
CGS001_NPC_96H:CLTB:1.5,trt_sh.cgs,1212
CGS001_NPC_96H:HEBP1:1.5,trt_sh.cgs,50865
CGS001_NPC_96H:HYOU1:1.5,trt_sh.cgs,10525
CGS001_NPC_96H:INSIG1:1.5,trt_sh.cgs,3638
CGS001_NPC_96H:ILK:1.5,trt_sh.cgs,3611
CGS001_NPC_96H:IL4R:1.5,trt_sh.cgs,3566
CGS001_NPC_96H:PRCP:1.5,trt_sh.cgs,5547
CGS001_NPC_96H:RPA1:1.5,trt_sh.cgs,6117
CGS001_NPC_96H:RPA2:1.5,trt_sh.cgs,6118
CGS001_NPC_96H:RPA3:1.5,trt_sh.cgs,6119
CGS001_NPC_96H:TUBB6:1.5,trt_sh.cgs,84617
CGS001_NPC_96H:DNMT1:1.5,trt_sh.cgs,1786
CGS001_NPC_96H:EBNA1BP2:1.5,trt_sh.cgs,10969
CGS001_NPC_96H:FAT1:1.5,trt_sh.cgs,2195
CGS001_NPC_96H:FKBP4:1.5,trt_sh.cgs,2288
CGS001_NPC_96H:HTRA1:1.5,trt_sh.cgs,5654
CGS001_NPC_96H:ACOT9:1.5,trt_sh.cgs,23597
CGS001_NPC_96H:CNDP2:1.5,trt_sh.cgs,55748
CGS001_NPC_96H:CSNK2A2:1.5,trt_sh.cgs,1459
CGS001_NPC_96H:GAA:1.5,trt_sh.cgs,2548
CGS001_NPC_96H:ITGB5:1.5,trt_sh.cgs,3693
CGS001_NPC_96H:LAMA3:1.5,trt_sh.cgs,3909
CGS001_NPC_96H:MTA1:1.5,trt_sh.cgs,9112
CGS001_NPC_96H:RNF167:1.5,trt_sh.cgs,26001
CGS001_NPC_96H:TXNRD1:1.5,trt_sh.cgs,7296
CGS001_NPC_96H:TBXA2R:1.5,trt_sh.cgs,6915
CGS001_NPC_96H:TRIB1:1.5,trt_sh.cgs,10221
CGS001_NPC_96H:TRIB3:1.5,trt_sh.cgs,57761
CGS001_NPC_96H:ZNF131:1.5,trt_sh.cgs,7690
CGS001_NPC_96H:ZNF274:1.5,trt_sh.cgs,10782
CGS001_NPC_96H:ZNF318:1.5,trt_sh.cgs,24149
CGS001_NPC_96H:ZNF395:1.5,trt_sh.cgs,55893
CGS001_NPC_96H:ZNF451:1.5,trt_sh.cgs,26036
CGS001_NPC_96H:ZNF586:1.5,trt_sh.cgs,54807
CGS001_NPC_96H:ZNF589:1.5,trt_sh.cgs,51385
CGS001_NPC_96H:BCL2:1.5,trt_sh.cgs,596
CGS001_NPC_96H:DRAP1:1.5,trt_sh.cgs,10589
CGS001_NPC_96H:FKBP14:1.5,trt_sh.cgs,55033
CGS001_NPC_96H:GNB5:1.5,trt_sh.cgs,10681
CGS001_NPC_96H:HEATR1:1.5,trt_sh.cgs,55127
CGS001_NPC_96H:NMT1:1.5,trt_sh.cgs,4836
CGS001_NPC_96H:NUDCD3:1.5,trt_sh.cgs,23386
CGS001_NPC_96H:PIH1D1:1.5,trt_sh.cgs,55011
CGS001_NPC_96H:RSU1:1.5,trt_sh.cgs,6251
CGS001_NPC_96H:SCYL3:1.5,trt_sh.cgs,57147
CGS001_NPC_96H:VPS28:1.5,trt_sh.cgs,51160
CGS001_NPC_96H:ANKRD10:1.5,trt_sh.cgs,55608
CGS001_NPC_96H:FIS1:1.5,trt_sh.cgs,51024
CGS001_NPC_96H:PYGL:1.5,trt_sh.cgs,5836
CGS001_NPC_96H:IDE:1.5,trt_sh.cgs,3416
CGS001_NPC_96H:ITGAE:1.5,trt_sh.cgs,3682
CGS001_NPC_96H:KIF14:1.5,trt_sh.cgs,9928
CGS001_NPC_96H:KIF2C:1.5,trt_sh.cgs,11004
CGS001_NPC_96H:KIF5C:1.5,trt_sh.cgs,3800
CGS001_NPC_96H:LAP3:1.5,trt_sh.cgs,51056
CGS001_NPC_96H:PRR7:1.5,trt_sh.cgs,80758
CGS001_NPC_96H:RAI14:1.5,trt_sh.cgs,26064
CGS001_NPC_96H:TCTN1:1.5,trt_sh.cgs,79600
CGS001_NPC_96H:TJP1:1.5,trt_sh.cgs,7082
CGS001_NPC_96H:TOR1A:1.5,trt_sh.cgs,1861
CGS001_NPC_96H:TMEM97:1.5,trt_sh.cgs,27346
CGS001_NPC_96H:ZW10:1.5,trt_sh.cgs,9183
CGS001_NPC_96H:DENND2D:1.5,trt_sh.cgs,79961
CGS001_NPC_96H:MYBL2:1.5,trt_sh.cgs,4605
CGS001_NPC_96H:PWP1:1.5,trt_sh.cgs,11137
CGS001_NPC_96H:SENP6:1.5,trt_sh.cgs,26054
CGS001_NPC_96H:THAP11:1.5,trt_sh.cgs,57215
CGS001_NPC_96H:GALE:1.5,trt_sh.cgs,2582
CGS001_NPC_96H:XPNPEP1:1.5,trt_sh.cgs,7511
CGS001_NPC_96H:ZFP36:1.5,trt_sh.cgs,7538
CGS001_NPC_96H:CDK2:1.5,trt_sh.cgs,1017
CGS001_NPC_96H:DHRS7:1.5,trt_sh.cgs,51635
CGS001_NPC_96H:KLHDC2:1.5,trt_sh.cgs,23588
CGS001_NPC_96H:KIF20A:1.5,trt_sh.cgs,10112
CGS001_NPC_96H:PCM1:1.5,trt_sh.cgs,5108
CGS001_NPC_96H:PLSCR1:1.5,trt_sh.cgs,5359
CGS001_NPC_96H:PLSCR3:1.5,trt_sh.cgs,57048
CGS001_NPC_96H:PTK2:1.5,trt_sh.cgs,5747
CGS001_NPC_96H:RAE1:1.5,trt_sh.cgs,8480
CGS001_NPC_96H:TES:1.5,trt_sh.cgs,26136
CGS001_NPC_96H:TMEM109:1.5,trt_sh.cgs,79073
CGS001_NPC_96H:TMEM50A:1.5,trt_sh.cgs,23585
CGS001_NPC_96H:UFM1:1.5,trt_sh.cgs,51569
CGS001_NPC_96H:VAT1:1.5,trt_sh.cgs,10493
CGS001_NPC_96H:BNIP3:1.5,trt_sh.cgs,664
CGS001_NPC_96H:CISD1:1.5,trt_sh.cgs,55847
CGS001_NPC_96H:TOP2A:1.5,trt_sh.cgs,7153
CGS001_NPC_96H:GNA11:1.5,trt_sh.cgs,2767
CGS001_NPC_96H:GNAI2:1.5,trt_sh.cgs,2771
CGS001_NPC_96H:ADI1:1.5,trt_sh.cgs,55256
CGS001_NPC_96H:CAB39:1.5,trt_sh.cgs,51719
CGS001_NPC_96H:CDK19:1.5,trt_sh.cgs,23097
CGS001_NPC_96H:DPH2:1.5,trt_sh.cgs,1802
CGS001_NPC_96H:ID2:1.5,trt_sh.cgs,3398
CGS001_NPC_96H:KLHL9:1.5,trt_sh.cgs,55958
CGS001_NPC_96H:MPZL1:1.5,trt_sh.cgs,9019
CGS001_NPC_96H:PPIC:1.5,trt_sh.cgs,5480
CGS001_NPC_96H:PPIE:1.5,trt_sh.cgs,10450
CGS001_NPC_96H:PPOX:1.5,trt_sh.cgs,5498
CGS001_NPC_96H:RRP8:1.5,trt_sh.cgs,23378
CGS001_NPC_96H:RPL39L:1.5,trt_sh.cgs,116832
CGS001_NPC_96H:STK10:1.5,trt_sh.cgs,6793
CGS001_NPC_96H:STK25:1.5,trt_sh.cgs,10494
CGS001_NPC_96H:SPAG4:1.5,trt_sh.cgs,6676
CGS001_NPC_96H:SPAG7:1.5,trt_sh.cgs,9552
CGS001_NPC_96H:STXBP2:1.5,trt_sh.cgs,6813
CGS001_NPC_96H:DECR1:1.5,trt_sh.cgs,1666
CGS001_NPC_96H:OXCT1:1.5,trt_sh.cgs,5019
CGS001_NPC_96H:COPS7A:1.5,trt_sh.cgs,50813
CGS001_NPC_96H:ELOVL6:1.5,trt_sh.cgs,79071
CGS001_NPC_96H:GPATCH8:1.5,trt_sh.cgs,23131
CGS001_NPC_96H:H2AFV:1.5,trt_sh.cgs,94239
CGS001_NPC_96H:HTATSF1:1.5,trt_sh.cgs,27336
CGS001_NPC_96H:NRAS:1.5,trt_sh.cgs,4893
CGS001_NPC_96H:PRAF2:1.5,trt_sh.cgs,11230
CGS001_NPC_96H:RBM6:1.5,trt_sh.cgs,10180
CGS001_NPC_96H:POLR2I:1.5,trt_sh.cgs,5438
CGS001_NPC_96H:POLR2K:1.5,trt_sh.cgs,5440
CGS001_NPC_96H:UGDH:1.5,trt_sh.cgs,7358
CGS001_NPC_96H:FPGS:1.5,trt_sh.cgs,2356
CGS001_NPC_96H:HAT1:1.5,trt_sh.cgs,8520
CGS001_NPC_96H:KLHL21:1.5,trt_sh.cgs,9903
CGS001_NPC_96H:KAT6B:1.5,trt_sh.cgs,23522
CGS001_NPC_96H:RRP1B:1.5,trt_sh.cgs,23076
CGS001_NPC_96H:TCFL5:1.5,trt_sh.cgs,10732
CGS001_NPC_96H:AKAP8:1.5,trt_sh.cgs,10270
CGS001_NPC_96H:BAG3:1.5,trt_sh.cgs,9531
CGS001_NPC_96H:RBM34:1.5,trt_sh.cgs,23029
CGS001_NPC_96H:SH3BP5:1.5,trt_sh.cgs,9467
CGS001_NPC_96H:TBC1D9B:1.5,trt_sh.cgs,23061
CGS001_NPC_96H:TSC22D3:1.5,trt_sh.cgs,1831
CGS001_NPC_96H:ACAA1:1.5,trt_sh.cgs,30
CGS001_NPC_96H:CRTAP:1.5,trt_sh.cgs,10491
CGS001_NPC_96H:ENOSF1:1.5,trt_sh.cgs,55556
CGS001_NPC_96H:INTS3:1.5,trt_sh.cgs,65123
CGS001_NPC_96H:MEST:1.5,trt_sh.cgs,4232
CGS001_NPC_96H:NENF:1.5,trt_sh.cgs,29937
CGS001_NPC_96H:PRPF4:1.5,trt_sh.cgs,9128
CGS001_NPC_96H:REEP5:1.5,trt_sh.cgs,7905
CGS001_NPC_96H:TIMELESS:1.5,trt_sh.cgs,8914
CGS001_NPC_96H:UBE3B:1.5,trt_sh.cgs,89910
CGS001_NPC_96H:UBE3C:1.5,trt_sh.cgs,9690
CGS001_NPC_96H:ALAS1:1.5,trt_sh.cgs,211
CGS001_NPC_96H:AKT1:1.5,trt_sh.cgs,207
CGS001_NPC_96H:ARID5B:1.5,trt_sh.cgs,84159
CGS001_NPC_96H:EAPP:1.5,trt_sh.cgs,55837
CGS001_NPC_96H:RBM15B:1.5,trt_sh.cgs,29890
CGS001_NPC_96H:TNIP1:1.5,trt_sh.cgs,10318
CGS001_NPC_96H:FAH:1.5,trt_sh.cgs,2184
CGS001_NPC_96H:HADH:1.5,trt_sh.cgs,3033
CGS001_NPC_96H:LIPA:1.5,trt_sh.cgs,3988
CGS001_NPC_96H:PARP2:1.5,trt_sh.cgs,10038
CGS001_NPC_96H:TRAK2:1.5,trt_sh.cgs,66008
CGS001_NPC_96H:TRIM2:1.5,trt_sh.cgs,23321
CGS001_NPC_96H:WRB:1.5,trt_sh.cgs,7485
CGS001_NPC_96H:ADO:1.5,trt_sh.cgs,84890
CGS001_NPC_96H:RAP1GAP:1.5,trt_sh.cgs,5909
CGS001_NPC_96H:TATDN2:1.5,trt_sh.cgs,9797
CGS001_NPC_96H:ACAT2:1.5,trt_sh.cgs,39
CGS001_NPC_96H:DERA:1.5,trt_sh.cgs,51071
CGS001_NPC_96H:DLD:1.5,trt_sh.cgs,1738
CGS001_NPC_96H:GSTM2:1.5,trt_sh.cgs,2946
CGS001_NPC_96H:GLOD4:1.5,trt_sh.cgs,51031
CGS001_NPC_96H:NCOA3:1.5,trt_sh.cgs,8202
CGS001_NPC_96H:PXMP2:1.5,trt_sh.cgs,5827
CGS001_NPC_96H:PHGDH:1.5,trt_sh.cgs,26227
CGS001_NPC_96H:RFC2:1.5,trt_sh.cgs,5982
CGS001_NPC_96H:RFC5:1.5,trt_sh.cgs,5985
CGS001_NPC_96H:RPP38:1.5,trt_sh.cgs,10557
CGS001_NPC_96H:RPIA:1.5,trt_sh.cgs,22934
CGS001_NPC_96H:RPS6KA1:1.5,trt_sh.cgs,6195
CGS001_NPC_96H:TRIM13:1.5,trt_sh.cgs,10206
CGS001_NPC_96H:VGLL4:1.5,trt_sh.cgs,9686
CGS001_NPC_96H:ADAM10:1.5,trt_sh.cgs,102
CGS001_NPC_96H:BLCAP:1.5,trt_sh.cgs,10904
CGS001_NPC_96H:EBP:1.5,trt_sh.cgs,10682
CGS001_NPC_96H:ELAVL1:1.5,trt_sh.cgs,1994
CGS001_NPC_96H:FAS:1.5,trt_sh.cgs,355
CGS001_NPC_96H:LRP10:1.5,trt_sh.cgs,26020
CGS001_NPC_96H:RNMT:1.5,trt_sh.cgs,8731
CGS001_NPC_96H:ARHGAP1:1.5,trt_sh.cgs,392
CGS001_NPC_96H:S100A4:1.5,trt_sh.cgs,6275
CGS001_NPC_96H:TBPL1:1.5,trt_sh.cgs,9519
CGS001_NPC_96H:VAPB:1.5,trt_sh.cgs,9217
CGS001_NPC_96H:ABHD4:1.5,trt_sh.cgs,63874
CGS001_NPC_96H:ABHD6:1.5,trt_sh.cgs,57406
CGS001_NPC_96H:DUSP11:1.5,trt_sh.cgs,8446
CGS001_NPC_96H:DUSP14:1.5,trt_sh.cgs,11072
CGS001_NPC_96H:DUSP22:1.5,trt_sh.cgs,56940
CGS001_NPC_96H:DYNLT3:1.5,trt_sh.cgs,6990
CGS001_NPC_96H:EXT1:1.5,trt_sh.cgs,2131
CGS001_NPC_96H:EPRS:1.5,trt_sh.cgs,2058
CGS001_NPC_96H:PSMG1:1.5,trt_sh.cgs,8624
CGS001_NPC_96H:PNP:1.5,trt_sh.cgs,4860
CGS001_NPC_96H:ST7:1.5,trt_sh.cgs,7982
CGS001_NPC_96H:USP14:1.5,trt_sh.cgs,9097
CGS001_NPC_96H:USP22:1.5,trt_sh.cgs,23326
CGS001_NPC_96H:CXCR4:1.5,trt_sh.cgs,7852
CGS001_NPC_96H:GTPBP8:1.5,trt_sh.cgs,29083
CGS001_NPC_96H:PDS5A:1.5,trt_sh.cgs,23244
CGS001_NPC_96H:S100A13:1.5,trt_sh.cgs,6284
CGS001_NPC_96H:ARPP19:1.5,trt_sh.cgs,10776
CGS001_NPC_96H:CANT1:1.5,trt_sh.cgs,124583
CGS001_NPC_96H:CNPY3:1.5,trt_sh.cgs,10695
CGS001_NPC_96H:CDCA4:1.5,trt_sh.cgs,55038
CGS001_NPC_96H:CLIC4:1.5,trt_sh.cgs,25932
CGS001_NPC_96H:CCDC86:1.5,trt_sh.cgs,79080
CGS001_NPC_96H:CCDC92:1.5,trt_sh.cgs,80212
CGS001_NPC_96H:EGFR:1.5,trt_sh.cgs,1956
CGS001_NPC_96H:GSTZ1:1.5,trt_sh.cgs,2954
CGS001_NPC_96H:LPAR2:1.5,trt_sh.cgs,9170
CGS001_NPC_96H:MSRA:1.5,trt_sh.cgs,4482
CGS001_NPC_96H:MAP7:1.5,trt_sh.cgs,9053
CGS001_NPC_96H:SLC1A4:1.5,trt_sh.cgs,6509
CGS001_NPC_96H:SLC2A6:1.5,trt_sh.cgs,11182
CGS001_NPC_96H:SLC5A6:1.5,trt_sh.cgs,8884
CGS001_NPC_96H:BDH1:1.5,trt_sh.cgs,622
CGS001_NPC_96H:AKAP8L:1.5,trt_sh.cgs,26993
CGS001_NPC_96H:DDIT4:1.5,trt_sh.cgs,54541
CGS001_NPC_96H:FAIM:1.5,trt_sh.cgs,55179
CGS001_NPC_96H:NPRL2:1.5,trt_sh.cgs,10641
CGS001_NPC_96H:RAB21:1.5,trt_sh.cgs,23011
CGS001_NPC_96H:RAB31:1.5,trt_sh.cgs,11031
CGS001_NPC_96H:RAB4A:1.5,trt_sh.cgs,5867
CGS001_NPC_96H:RAD9A:1.5,trt_sh.cgs,5883
CGS001_NPC_96H:TARBP1:1.5,trt_sh.cgs,6894
CGS001_NPC_96H:TIMP2:1.5,trt_sh.cgs,7077
CGS001_NPC_96H:TRAP1:1.5,trt_sh.cgs,10131
CGS001_NPC_96H:ATF5:1.5,trt_sh.cgs,22809
CGS001_NPC_96H:ALDOC:1.5,trt_sh.cgs,230
CGS001_NPC_96H:CCDC85B:1.5,trt_sh.cgs,11007
CGS001_NPC_96H:ECD:1.5,trt_sh.cgs,11319
CGS001_NPC_96H:ERBB3:1.5,trt_sh.cgs,2065
CGS001_NPC_96H:GMNN:1.5,trt_sh.cgs,51053
CGS001_NPC_96H:ICAM3:1.5,trt_sh.cgs,3385
CGS001_NPC_96H:LRRC41:1.5,trt_sh.cgs,10489
CGS001_NPC_96H:MTFR1:1.5,trt_sh.cgs,9650
CGS001_NPC_96H:SLC11A2:1.5,trt_sh.cgs,4891
CGS001_NPC_96H:SLC25A4:1.5,trt_sh.cgs,291
CGS001_NPC_96H:SLC27A3:1.5,trt_sh.cgs,11000
CGS001_NPC_96H:SLC37A4:1.5,trt_sh.cgs,2542
CGS001_NPC_96H:TWF2:1.5,trt_sh.cgs,11344
CGS001_NPC_96H:UBE2A:1.5,trt_sh.cgs,7319
CGS001_NPC_96H:UBE2C:1.5,trt_sh.cgs,11065
CGS001_NPC_96H:VDAC1:1.5,trt_sh.cgs,7416
CGS001_NPC_96H:ZMIZ1:1.5,trt_sh.cgs,57178
CGS001_NPC_96H:ZMYM2:1.5,trt_sh.cgs,7750
CGS001_NPC_96H:CD44:1.5,trt_sh.cgs,960
CGS001_NPC_96H:RAB27A:1.5,trt_sh.cgs,5873
CGS001_NPC_96H:RELB:1.5,trt_sh.cgs,5971
CGS001_NPC_96H:TNFRSF21:1.5,trt_sh.cgs,27242
CGS001_NPC_96H:WDTC1:1.5,trt_sh.cgs,23038
CGS001_NPC_96H:AMDHD2:1.5,trt_sh.cgs,51005
CGS001_NPC_96H:CCP110:1.5,trt_sh.cgs,9738
CGS001_NPC_96H:CIRBP:1.5,trt_sh.cgs,1153
CGS001_NPC_96H:CHIC2:1.5,trt_sh.cgs,26511
CGS001_NPC_96H:MRPS2:1.5,trt_sh.cgs,51116
CGS001_NPC_96H:MAPK9:1.5,trt_sh.cgs,5601
CGS001_NPC_96H:NFE2L2:1.5,trt_sh.cgs,4780
CGS001_NPC_96H:PUF60:1.5,trt_sh.cgs,22827
CGS001_NPC_96H:SLC25A14:1.5,trt_sh.cgs,9016
CGS001_NPC_96H:SLC35A1:1.5,trt_sh.cgs,10559
CGS001_NPC_96H:SLC35A3:1.5,trt_sh.cgs,23443
CGS001_NPC_96H:SLC35B1:1.5,trt_sh.cgs,10237
CGS001_NPC_96H:SLC35F2:1.5,trt_sh.cgs,54733
CGS001_NPC_96H:SORBS3:1.5,trt_sh.cgs,10174
CGS001_NPC_96H:SOCS2:1.5,trt_sh.cgs,8835
CGS001_NPC_96H:UBE2J1:1.5,trt_sh.cgs,51465
CGS001_NPC_96H:UBE2L6:1.5,trt_sh.cgs,9246
CGS001_NPC_96H:ZDHHC6:1.5,trt_sh.cgs,64429
CGS001_NPC_96H:ATP6V0B:1.5,trt_sh.cgs,533
CGS001_NPC_96H:ATP6V1D:1.5,trt_sh.cgs,51382
CGS001_NPC_96H:CASC3:1.5,trt_sh.cgs,22794
CGS001_NPC_96H:CEBPZ:1.5,trt_sh.cgs,10153
CGS001_NPC_96H:PSIP1:1.5,trt_sh.cgs,11168
CGS001_NPC_96H:ADAT1:1.5,trt_sh.cgs,23536
CGS001_NPC_96H:BIRC5:1.5,trt_sh.cgs,332
CGS001_NPC_96H:CSRP1:1.5,trt_sh.cgs,1465
CGS001_NPC_96H:GNPDA1:1.5,trt_sh.cgs,10007
CGS001_NPC_96H:ISOC1:1.5,trt_sh.cgs,51015
CGS001_NPC_96H:KEAP1:1.5,trt_sh.cgs,9817
CGS001_NPC_96H:MAN2B1:1.5,trt_sh.cgs,4125
CGS001_NPC_96H:MAMLD1:1.5,trt_sh.cgs,10046
CGS001_NPC_96H:MRPL19:1.5,trt_sh.cgs,9801
CGS001_NPC_96H:MRPS16:1.5,trt_sh.cgs,51021
CGS001_NPC_96H:MAPK13:1.5,trt_sh.cgs,5603
CGS001_NPC_96H:NET1:1.5,trt_sh.cgs,10276
CGS001_NPC_96H:P4HTM:1.5,trt_sh.cgs,54681
CGS001_NPC_96H:PYCR1:1.5,trt_sh.cgs,5831
CGS001_NPC_96H:RNH1:1.5,trt_sh.cgs,6050
CGS001_NPC_96H:RRP12:1.5,trt_sh.cgs,23223
CGS001_NPC_96H:SCARB1:1.5,trt_sh.cgs,949
CGS001_NPC_96H:TP53BP1:1.5,trt_sh.cgs,7158
CGS001_NPC_96H:TP53BP2:1.5,trt_sh.cgs,7159
CGS001_NPC_96H:VPS72:1.5,trt_sh.cgs,6944
CGS001_NPC_96H:BID:1.5,trt_sh.cgs,637
CGS001_NPC_96H:CEBPD:1.5,trt_sh.cgs,1052
CGS001_NPC_96H:ACBD3:1.5,trt_sh.cgs,64746
CGS001_NPC_96H:CDKN1A:1.5,trt_sh.cgs,1026
CGS001_NPC_96H:FUT1:1.5,trt_sh.cgs,2523
CGS001_NPC_96H:HOOK2:1.5,trt_sh.cgs,29911
CGS001_NPC_96H:INPP1:1.5,trt_sh.cgs,3628
CGS001_NPC_96H:ORC1:1.5,trt_sh.cgs,4998
CGS001_NPC_96H:PNKP:1.5,trt_sh.cgs,11284
CGS001_NPC_96H:P4HA2:1.5,trt_sh.cgs,8974
CGS001_NPC_96H:TSEN2:1.5,trt_sh.cgs,80746
CGS001_NPC_96H:TM9SF2:1.5,trt_sh.cgs,9375
CGS001_NPC_96H:TM9SF3:1.5,trt_sh.cgs,56889
CGS001_NPC_96H:BAD:1.5,trt_sh.cgs,572
CGS001_NPC_96H:G3BP1:1.5,trt_sh.cgs,10146
CGS001_NPC_96H:TCTA:1.5,trt_sh.cgs,6988
CGS001_NPC_96H:BZW2:1.5,trt_sh.cgs,28969
CGS001_NPC_96H:CRELD2:1.5,trt_sh.cgs,79174
CGS001_NPC_96H:DDB2:1.5,trt_sh.cgs,1643
CGS001_NPC_96H:GRWD1:1.5,trt_sh.cgs,83743
CGS001_NPC_96H:HIST1H2BK:1.5,trt_sh.cgs,85236
CGS001_NPC_96H:IGF1R:1.5,trt_sh.cgs,3480
CGS001_NPC_96H:IGF2R:1.5,trt_sh.cgs,3482
CGS001_NPC_96H:MBNL1:1.5,trt_sh.cgs,4154
CGS001_NPC_96H:MBNL2:1.5,trt_sh.cgs,10150
CGS001_NPC_96H:NGRN:1.5,trt_sh.cgs,51335
CGS001_NPC_96H:PSRC1:1.5,trt_sh.cgs,84722
CGS001_NPC_96H:PSMD10:1.5,trt_sh.cgs,5716
CGS001_NPC_96H:RRS1:1.5,trt_sh.cgs,23212
CGS001_NPC_96H:SCCPDH:1.5,trt_sh.cgs,51097
CGS001_NPC_96H:SSBP2:1.5,trt_sh.cgs,23635
CGS001_NPC_96H:SPEN:1.5,trt_sh.cgs,23013
CGS001_NPC_96H:TOPBP1:1.5,trt_sh.cgs,11073
CGS001_NPC_96H:FAM20B:1.5,trt_sh.cgs,9917
CGS001_NPC_96H:MLLT11:1.5,trt_sh.cgs,10962
CGS001_NPC_96H:AKR7A2:1.5,trt_sh.cgs,8574
CGS001_NPC_96H:CHMP4A:1.5,trt_sh.cgs,29082
CGS001_NPC_96H:CIAPIN1:1.5,trt_sh.cgs,57019
CGS001_NPC_96H:HS2ST1:1.5,trt_sh.cgs,9653
CGS001_NPC_96H:HES1:1.5,trt_sh.cgs,3280
CGS001_NPC_96H:NCAPD2:1.5,trt_sh.cgs,9918
CGS001_NPC_96H:NRIP1:1.5,trt_sh.cgs,8204
CGS001_NPC_96H:PEX11A:1.5,trt_sh.cgs,8800
CGS001_NPC_96H:PCCB:1.5,trt_sh.cgs,5096
CGS001_NPC_96H:TRAPPC3:1.5,trt_sh.cgs,27095
CGS001_NPC_96H:CFLAR:1.5,trt_sh.cgs,8837
CGS001_NPC_96H:SHB:1.5,trt_sh.cgs,6461
CGS001_NPC_96H:COPB2:1.5,trt_sh.cgs,9276
CGS001_NPC_96H:COG2:1.5,trt_sh.cgs,22796
CGS001_NPC_96H:COG4:1.5,trt_sh.cgs,25839
CGS001_NPC_96H:COG7:1.5,trt_sh.cgs,91949
CGS001_NPC_96H:GRB10:1.5,trt_sh.cgs,2887
CGS001_NPC_96H:HSD17B10:1.5,trt_sh.cgs,3028
CGS001_NPC_96H:IGHMBP2:1.5,trt_sh.cgs,3508
CGS001_NPC_96H:IL13RA1:1.5,trt_sh.cgs,3597
CGS001_NPC_96H:MACF1:1.5,trt_sh.cgs,23499
CGS001_NPC_96H:NFIL3:1.5,trt_sh.cgs,4783
CGS001_NPC_96H:PECR:1.5,trt_sh.cgs,55825
CGS001_NPC_96H:SMC3:1.5,trt_sh.cgs,9126
CGS001_NPC_96H:SMC4:1.5,trt_sh.cgs,10051
CGS001_NPC_96H:TRAPPC6A:1.5,trt_sh.cgs,79090
CGS001_NPC_96H:TMCO1:1.5,trt_sh.cgs,54499
CGS001_NPC_96H:WFS1:1.5,trt_sh.cgs,7466
CGS001_NPC_96H:HMGCR:1.5,trt_sh.cgs,3156
CGS001_NPC_96H:BAMBI:1.5,trt_sh.cgs,25805
CGS001_NPC_96H:C2CD2:1.5,trt_sh.cgs,25966
CGS001_NPC_96H:CNOT4:1.5,trt_sh.cgs,4850
CGS001_NPC_96H:CRKL:1.5,trt_sh.cgs,1399
CGS001_NPC_96H:FBXL12:1.5,trt_sh.cgs,54850
CGS001_NPC_96H:POP4:1.5,trt_sh.cgs,10775
CGS001_NPC_96H:BHLHE40:1.5,trt_sh.cgs,8553
CGS001_NPC_96H:GAPDH:1.5,trt_sh.cgs,2597
CGS001_NPC_96H:HPRT1:1.5,trt_sh.cgs,3251
CGS001_NPC_96H:MELK:1.5,trt_sh.cgs,9833
CGS001_NPC_96H:NNT:1.5,trt_sh.cgs,23530
CGS001_NPC_96H:PLEKHJ1:1.5,trt_sh.cgs,55111
CGS001_NPC_96H:SPRED2:1.5,trt_sh.cgs,200734
CGS001_NPC_96H:SMC1A:1.5,trt_sh.cgs,8243
CGS001_NPC_96H:TCEAL4:1.5,trt_sh.cgs,79921
CGS001_NPC_96H:TMED10:1.5,trt_sh.cgs,10972
CGS001_NPC_96H:VAV3:1.5,trt_sh.cgs,10451
CGS001_NPC_96H:HMGCS1:1.5,trt_sh.cgs,3157
CGS001_NPC_96H:ABCC5:1.5,trt_sh.cgs,10057
CGS001_NPC_96H:ABCF1:1.5,trt_sh.cgs,23
CGS001_NPC_96H:ABCF3:1.5,trt_sh.cgs,55324
CGS001_NPC_96H:ATP1B1:1.5,trt_sh.cgs,481
CGS001_NPC_96H:POLD4:1.5,trt_sh.cgs,57804
CGS001_NPC_96H:POLG2:1.5,trt_sh.cgs,11232
CGS001_NPC_96H:TIAM1:1.5,trt_sh.cgs,7074
CGS001_NPC_96H:UTP14A:1.5,trt_sh.cgs,10813
CGS001_NPC_96H:ALDH7A1:1.5,trt_sh.cgs,501
CGS001_NPC_96H:CREB1:1.5,trt_sh.cgs,1385
CGS001_NPC_96H:ITFG1:1.5,trt_sh.cgs,81533
CGS001_NPC_96H:ITGB1BP1:1.5,trt_sh.cgs,9270
CGS001_NPC_96H:LSR:1.5,trt_sh.cgs,51599
CGS001_NPC_96H:MAP2K5:1.5,trt_sh.cgs,5607
CGS001_NPC_96H:NOSIP:1.5,trt_sh.cgs,51070
CGS001_NPC_96H:SMNDC1:1.5,trt_sh.cgs,10285
CGS001_NPC_96H:TSKU:1.5,trt_sh.cgs,25987
CGS001_NPC_96H:OXA1L:1.5,trt_sh.cgs,5018
CGS001_NPC_96H:TIPARP:1.5,trt_sh.cgs,25976
CGS001_NPC_96H:EIF5:1.5,trt_sh.cgs,1983
CGS001_NPC_96H:FDFT1:1.5,trt_sh.cgs,2222
CGS001_NPC_96H:GTF2A2:1.5,trt_sh.cgs,2958
CGS001_NPC_96H:GTF2E2:1.5,trt_sh.cgs,2961
CGS001_NPC_96H:IARS2:1.5,trt_sh.cgs,55699
CGS001_NPC_96H:NOLC1:1.5,trt_sh.cgs,9221
CGS001_NPC_96H:NUSAP1:1.5,trt_sh.cgs,51203
CGS001_NPC_96H:PAN2:1.5,trt_sh.cgs,9924
CGS001_NPC_96H:PGRMC1:1.5,trt_sh.cgs,10857
CGS001_NPC_96H:PCBD1:1.5,trt_sh.cgs,5092
CGS001_NPC_96H:PDHX:1.5,trt_sh.cgs,8050
CGS001_NPC_96H:STAP2:1.5,trt_sh.cgs,55620
CGS001_NPC_96H:POLE2:1.5,trt_sh.cgs,5427
CGS001_NPC_96H:NSDHL:1.5,trt_sh.cgs,50814
CGS001_NPC_96H:NPC1:1.5,trt_sh.cgs,4864
CGS001_NPC_96H:SACM1L:1.5,trt_sh.cgs,22908
CGS001_NPC_96H:DDR1:1.5,trt_sh.cgs,780
CGS001_NPC_96H:ETFB:1.5,trt_sh.cgs,2109
CGS001_NPC_96H:FAM57A:1.5,trt_sh.cgs,79850
CGS001_NPC_96H:FEZ2:1.5,trt_sh.cgs,9637
CGS001_NPC_96H:GADD45B:1.5,trt_sh.cgs,4616
CGS001_NPC_96H:TRAM2:1.5,trt_sh.cgs,9697
CGS001_NPC_96H:ATP2C1:1.5,trt_sh.cgs,27032
CGS001_NPC_96H:KIT:1.5,trt_sh.cgs,3815
CGS001_NPC_96H:ARHGEF2:1.5,trt_sh.cgs,9181
CGS001_NPC_96H:WIPF2:1.5,trt_sh.cgs,147179
CGS001_NPC_96H:CREG1:1.5,trt_sh.cgs,8804
CGS001_NPC_96H:DHDDS:1.5,trt_sh.cgs,79947
CGS001_NPC_96H:EPB41L2:1.5,trt_sh.cgs,2037
CGS001_NPC_96H:GADD45A:1.5,trt_sh.cgs,1647
CGS001_NPC_96H:IFRD2:1.5,trt_sh.cgs,7866
CGS001_NPC_96H:ICMT:1.5,trt_sh.cgs,23463
CGS001_NPC_96H:PHKB:1.5,trt_sh.cgs,5257
CGS001_NPC_96H:PTPRF:1.5,trt_sh.cgs,5792
CGS001_NPC_96H:PTPRK:1.5,trt_sh.cgs,5796
CGS001_NPC_96H:TESK1:1.5,trt_sh.cgs,7016
CGS001_NPC_96H:TSTA3:1.5,trt_sh.cgs,7264
CGS001_NPC_96H:MYC:1.5,trt_sh.cgs,4609
CGS001_NPC_96H:RNPS1:1.5,trt_sh.cgs,10921
CGS001_NPC_96H:STUB1:1.5,trt_sh.cgs,10273
CGS001_NPC_96H:NR1H2:1.5,trt_sh.cgs,7376
CGS001_NPC_96H:NR2F6:1.5,trt_sh.cgs,2063
CGS001_NPC_96H:NR3C1:1.5,trt_sh.cgs,2908
CGS001_NPC_96H:PDIA5:1.5,trt_sh.cgs,10954
CGS001_NPC_96H:TIMM9:1.5,trt_sh.cgs,26520
CGS001_NPC_96H:BCL7B:1.5,trt_sh.cgs,9275
CGS001_NPC_96H:LYN:1.5,trt_sh.cgs,4067
CGS001_NPC_96H:CPSF4:1.5,trt_sh.cgs,10898
CGS001_NPC_96H:GFPT1:1.5,trt_sh.cgs,2673
CGS001_NPC_96H:INPP4B:1.5,trt_sh.cgs,8821
CGS001_NPC_96H:METRN:1.5,trt_sh.cgs,79006
CGS001_NPC_96H:MCM3:1.5,trt_sh.cgs,4172
CGS001_NPC_96H:PHKG2:1.5,trt_sh.cgs,5261
CGS001_NPC_96H:TIMM22:1.5,trt_sh.cgs,29928
CGS001_NPC_96H:TOMM34:1.5,trt_sh.cgs,10953
CGS001_NPC_96H:ATP11B:1.5,trt_sh.cgs,23200
CGS001_NPC_96H:IQGAP1:1.5,trt_sh.cgs,8826
CGS001_NPC_96H:CGRRF1:1.5,trt_sh.cgs,10668
CGS001_NPC_96H:PHKA1:1.5,trt_sh.cgs,5255
CGS001_NPC_96H:TIMM17B:1.5,trt_sh.cgs,10245
CGS001_NPC_96H:DNAJA3:1.5,trt_sh.cgs,9093
CGS001_NPC_96H:DNAJB1:1.5,trt_sh.cgs,3337
CGS001_NPC_96H:DNAJB2:1.5,trt_sh.cgs,3300
CGS001_NPC_96H:DNAJB6:1.5,trt_sh.cgs,10049
CGS001_NPC_96H:TLE1:1.5,trt_sh.cgs,7088
CGS001_NPC_96H:APPBP2:1.5,trt_sh.cgs,10513
CGS001_NPC_96H:ARNT2:1.5,trt_sh.cgs,9915
CGS001_NPC_96H:DMTF1:1.5,trt_sh.cgs,9988
CGS001_NPC_96H:MAST2:1.5,trt_sh.cgs,23139
CGS001_NPC_96H:MAP3K4:1.5,trt_sh.cgs,4216
CGS001_NPC_96H:PPARG:1.5,trt_sh.cgs,5468
CGS001_NPC_96H:PPP2R5A:1.5,trt_sh.cgs,5525
CGS001_NPC_96H:PTPN1:1.5,trt_sh.cgs,5770
CGS001_NPC_96H:BUB1B:1.5,trt_sh.cgs,701
CGS001_NPC_96H:DNAJC15:1.5,trt_sh.cgs,29103
CGS001_NPC_96H:LRPAP1:1.5,trt_sh.cgs,4043
CGS001_NPC_96H:CHERP:1.5,trt_sh.cgs,10523
CGS001_NPC_96H:FSD1:1.5,trt_sh.cgs,79187
CGS001_NPC_96H:PMAIP1:1.5,trt_sh.cgs,5366
CGS001_NPC_96H:PLOD3:1.5,trt_sh.cgs,8985
CGS001_NPC_96H:PPP2R3C:1.5,trt_sh.cgs,55012
CGS001_NPC_96H:PTPN12:1.5,trt_sh.cgs,5782
CGS001_NPC_96H:ABL1:1.5,trt_sh.cgs,25
CGS001_NPC_96H:MYCBP2:1.5,trt_sh.cgs,23077
CGS001_NPC_96H:ST3GAL5:1.5,trt_sh.cgs,8869
CGS001_NPC_96H:ASCC3:1.5,trt_sh.cgs,10973
CGS001_NPC_96H:CASK:1.5,trt_sh.cgs,8573
CGS001_NPC_96H:MFSD10:1.5,trt_sh.cgs,10227
CGS001_NPC_96H:PCK2:1.5,trt_sh.cgs,5106
CGS001_NPC_96H:PPP2R5E:1.5,trt_sh.cgs,5529
CGS001_NPC_96H:STAT1:1.5,trt_sh.cgs,6772
CGS001_NPC_96H:GFOD1:1.5,trt_sh.cgs,54438
CGS001_NPC_96H:NPDC1:1.5,trt_sh.cgs,56654
CGS001_NPC_96H:ADH5:1.5,trt_sh.cgs,128
CGS001_NPC_96H:MBOAT7:1.5,trt_sh.cgs,79143
CGS001_NPC_96H:FOS:1.5,trt_sh.cgs,2353
CGS001_NPC_96H:JUN:1.5,trt_sh.cgs,3725
CGS001_NPC_96H:DCUN1D4:1.5,trt_sh.cgs,23142
CGS001_NPC_96H:MBTPS1:1.5,trt_sh.cgs,8720
CGS001_NPC_96H:MTF2:1.5,trt_sh.cgs,22823
CGS001_NPC_96H:PIP4K2B:1.5,trt_sh.cgs,8396
CGS001_NPC_96H:KCTD5:1.5,trt_sh.cgs,54442
CGS001_NPC_96H:PRKACA:1.5,trt_sh.cgs,5566
CGS001_NPC_96H:SPTLC2:1.5,trt_sh.cgs,9517
CGS001_NPC_96H:SYNE2:1.5,trt_sh.cgs,23224
CGS001_NPC_96H:SDHB:1.5,trt_sh.cgs,6390
CGS001_NPC_96H:GABPB1:1.5,trt_sh.cgs,2553
CGS001_NPC_96H:PAF1:1.5,trt_sh.cgs,54623
CGS001_NPC_96H:SPDEF:1.5,trt_sh.cgs,25803
CGS001_NPC_96H:PIN1:1.5,trt_sh.cgs,5300
CGS001_NPC_96H:KCNK1:1.5,trt_sh.cgs,3775
CGS001_NPC_96H:KDELR2:1.5,trt_sh.cgs,11014
CGS001_NPC_96H:IKBKB:1.5,trt_sh.cgs,3551
CGS001_NPC_96H:MAP4K4:1.5,trt_sh.cgs,9448
CGS001_NPC_96H:PIGB:1.5,trt_sh.cgs,9488
CGS001_NPC_96H:AGL:1.5,trt_sh.cgs,178
CGS001_NPC_96H:APBB2:1.5,trt_sh.cgs,323
CGS001_NPC_96H:PCMT1:1.5,trt_sh.cgs,5110
CGS001_NPC_96H:EDEM1:1.5,trt_sh.cgs,9695
CGS001_NPC_96H:ST6GALNAC2:1.5,trt_sh.cgs,10610
CGS001_NPC_96H:EZH2:1.5,trt_sh.cgs,2146
CGS001_NPC_96H:PACSIN3:1.5,trt_sh.cgs,29763
CGS001_NPC_96H:CHAC1:1.5,trt_sh.cgs,79094
CGS001_NPC_96H:DNTTIP2:1.5,trt_sh.cgs,30836
CGS001_NPC_96H:IKBKE:1.5,trt_sh.cgs,9641
CGS001_NPC_96H:GDPD5:1.5,trt_sh.cgs,81544
CGS001_NPC_96H:MAPKAPK3:1.5,trt_sh.cgs,7867
CGS001_NPC_96H:RFNG:1.5,trt_sh.cgs,5986
CGS001_NPC_96H:DYRK3:1.5,trt_sh.cgs,8444
CGS001_NPC_96H:CLPX:1.5,trt_sh.cgs,10845
CGS001_NPC_96H:MAPK1IP1L:1.5,trt_sh.cgs,93487
CGS001_NPC_96H:UBR7:1.5,trt_sh.cgs,55148
CGS001_NPC_96H:HERPUD1:1.5,trt_sh.cgs,9709
CGS001_NPC_96H:ACD:1.5,trt_sh.cgs,65057
CGS001_NPC_96H:CAMSAP2:1.5,trt_sh.cgs,23271
CGS001_NPC_96H:PAFAH1B3:1.5,trt_sh.cgs,5050
CGS001_NPC_96H:LSM5:1.5,trt_sh.cgs,23658
CGS001_NPC_96H:LSM6:1.5,trt_sh.cgs,11157
CGS001_NPC_96H:PIK3C2B:1.5,trt_sh.cgs,5287
CGS001_NPC_96H:JMJD6:1.5,trt_sh.cgs,23210
CGS001_NPC_96H:HERC6:1.5,trt_sh.cgs,55008
CGS001_NPC_96H:SMARCC1:1.5,trt_sh.cgs,6599
CGS001_NPC_96H:SMARCA4:1.5,trt_sh.cgs,6597
CGS001_NPC_96H:SMARCD2:1.5,trt_sh.cgs,6603
CGS001_NPC_96H:MTHFD2:1.5,trt_sh.cgs,10797
CGS001_NPC_96H:PAICS:1.5,trt_sh.cgs,10606
CGS001_NPC_96H:HOXC9:1.5,trt_sh.cgs,3225
CGS001_NPC_96H:STK33:1.5,trt_sh.cgs,65975
CGS001_NPC_96H:RPS6KL1:1.5,trt_sh.cgs,83694
CGS001_NPC_96H:SRSF8:1.5,trt_sh.cgs,10929
CGS001_NPC_96H:LZIC:1.5,trt_sh.cgs,84328
CGS001_NPC_96H:FBRS:1.5,trt_sh.cgs,64319
CGS001_NPC_96H:TSN:1.5,trt_sh.cgs,7247
CGS001_NPC_96H:EFNB3:1.5,trt_sh.cgs,1949
CGS001_NPC_96H:MTX2:1.5,trt_sh.cgs,10651
CGS001_NPC_96H:ARG1:1.5,trt_sh.cgs,383
CGS001_NPC_96H:PEPD:1.5,trt_sh.cgs,5184
CGS001_NPC_96H:TAOK2:1.5,trt_sh.cgs,9344
CGS001_NPC_96H:FDX1:1.5,trt_sh.cgs,2230
CGS001_NPC_96H:CD14:1.5,trt_sh.cgs,929
CGS001_NPC_96H:CD19:1.5,trt_sh.cgs,930
CGS001_NPC_96H:NSFL1C:1.5,trt_sh.cgs,55968
CGS001_NPC_96H:ADNP2:1.5,trt_sh.cgs,22850
CGS001_NPC_96H:EPHA2:1.5,trt_sh.cgs,1969
CGS001_NPC_96H:EPHB4:1.5,trt_sh.cgs,2050
CGS001_NPC_96H:SNX17:1.5,trt_sh.cgs,9784
CGS001_NPC_96H:UBL5:1.5,trt_sh.cgs,59286
CGS001_NPC_96H:DOK4:1.5,trt_sh.cgs,55715
CGS001_NPC_96H:WDR6:1.5,trt_sh.cgs,11180
CGS001_NPC_96H:DCTN6:1.5,trt_sh.cgs,10671
CGS001_NPC_96H:DTNA:1.5,trt_sh.cgs,1837
CGS001_NPC_96H:DHX8:1.5,trt_sh.cgs,1659
CGS001_NPC_96H:LIMK2:1.5,trt_sh.cgs,3985
CGS001_NPC_96H:ADCY3:1.5,trt_sh.cgs,109
CGS001_NPC_96H:ADCY9:1.5,trt_sh.cgs,115
CGS001_NPC_96H:GYS1:1.5,trt_sh.cgs,2997
CGS001_NPC_96H:CTCF:1.5,trt_sh.cgs,10664
CGS001_NPC_96H:DHX16:1.5,trt_sh.cgs,8449
CGS001_NPC_96H:PHF2:1.5,trt_sh.cgs,5253
CGS001_NPC_96H:DPF1:1.5,trt_sh.cgs,8193
CGS001_NPC_96H:LASP1:1.5,trt_sh.cgs,3927
CGS001_NPC_96H:TBK1:1.5,trt_sh.cgs,29110
CGS001_NPC_96H:CA12:1.5,trt_sh.cgs,771
CGS001_NPC_96H:HDAC1:1.5,trt_sh.cgs,3065
CGS001_NPC_96H:HDAC4:1.5,trt_sh.cgs,9759
CGS001_NPC_96H:SRF:1.5,trt_sh.cgs,6722
CGS001_NPC_96H:MAD2L1BP:1.5,trt_sh.cgs,9587
CGS001_NPC_96H:CEP55:1.5,trt_sh.cgs,55165
CGS001_NPC_96H:F12:1.5,trt_sh.cgs,2161
CGS001_NPC_96H:DHPS:1.5,trt_sh.cgs,1725
CGS001_NPC_96H:BTBD3:1.5,trt_sh.cgs,22903
CGS001_NPC_96H:BBS9:1.5,trt_sh.cgs,27241
CGS001_NPC_96H:ASL:1.5,trt_sh.cgs,435
CGS001_NPC_96H:SIK1:1.5,trt_sh.cgs,150094
CGS001_NPC_96H:ZNF629:1.5,trt_sh.cgs,23361
CGS001_NPC_96H:ZNF672:1.5,trt_sh.cgs,79894
CGS001_NPC_96H:ZNF692:1.5,trt_sh.cgs,55657
CGS001_NPC_96H:ZNF768:1.5,trt_sh.cgs,79724
CGS001_NPC_96H:AFF1:1.5,trt_sh.cgs,4299
CGS001_NPC_96H:DLGAP5:1.5,trt_sh.cgs,9787
CGS001_NPC_96H:ANKRD49:1.5,trt_sh.cgs,54851
CGS001_NPC_96H:GM2A:1.5,trt_sh.cgs,2760
CGS001_NPC_96H:SERTAD3:1.5,trt_sh.cgs,29946
CGS001_NPC_96H:SRPRB:1.5,trt_sh.cgs,58477
CGS001_NPC_96H:FZD5:1.5,trt_sh.cgs,7855
CGS001_NPC_96H:TMEM127:1.5,trt_sh.cgs,55654
CGS001_NPC_96H:UBE4A:1.5,trt_sh.cgs,9354
CGS001_NPC_96H:COPS5:1.5,trt_sh.cgs,10987
CGS001_NPC_96H:ERLIN1:1.5,trt_sh.cgs,10613
CGS001_NPC_96H:FANCA:1.5,trt_sh.cgs,2175
CGS001_NPC_96H:FANCL:1.5,trt_sh.cgs,55120
CGS001_NPC_96H:DSE:1.5,trt_sh.cgs,29940
CGS001_NPC_96H:HFE:1.5,trt_sh.cgs,3077
CGS001_NPC_96H:IMPA2:1.5,trt_sh.cgs,3613
CGS001_NPC_96H:PPIF:1.5,trt_sh.cgs,10105
CGS001_NPC_96H:TBCB:1.5,trt_sh.cgs,1155
CGS001_NPC_96H:GMDS:1.5,trt_sh.cgs,2762
CGS001_NPC_96H:KRAS:1.5,trt_sh.cgs,3845
CGS001_NPC_96H:TGDS:1.5,trt_sh.cgs,23483
CGS001_NPC_96H:TNFAIP1:1.5,trt_sh.cgs,7126
CGS001_NPC_96H:AKAP1:1.5,trt_sh.cgs,8165
CGS001_NPC_96H:BAG6:1.5,trt_sh.cgs,7917
CGS001_NPC_96H:HAX1:1.5,trt_sh.cgs,10456
CGS001_NPC_96H:JOSD1:1.5,trt_sh.cgs,9929
CGS001_NPC_96H:NDRG1:1.5,trt_sh.cgs,10397
CGS001_NPC_96H:NIPBL:1.5,trt_sh.cgs,25836
CGS001_NPC_96H:POLR3B:1.5,trt_sh.cgs,55703
CGS001_NPC_96H:TBC1D15:1.5,trt_sh.cgs,64786
CGS001_NPC_96H:PER2:1.5,trt_sh.cgs,8864
CGS001_NPC_96H:PMF1:1.5,trt_sh.cgs,11243
CGS001_NPC_96H:PRPF6:1.5,trt_sh.cgs,24148
CGS001_NPC_96H:RARA:1.5,trt_sh.cgs,5914
CGS001_NPC_96H:SYF2:1.5,trt_sh.cgs,25949
CGS001_NPC_96H:CABIN1:1.5,trt_sh.cgs,23523
CGS001_NPC_96H:PARN:1.5,trt_sh.cgs,5073
CGS001_NPC_96H:PUS7L:1.5,trt_sh.cgs,83448
CGS001_NPC_96H:COL4A5:1.5,trt_sh.cgs,1287
CGS001_NPC_96H:PTEN:1.5,trt_sh.cgs,5728
CGS001_NPC_96H:RPS6KA4:1.5,trt_sh.cgs,8986
CGS001_NPC_96H:RPS6KB1:1.5,trt_sh.cgs,6198
CGS001_NPC_96H:SRP14:1.5,trt_sh.cgs,6727
CGS001_NPC_96H:SPA17:1.5,trt_sh.cgs,53340
CGS001_NPC_96H:UBAP1:1.5,trt_sh.cgs,51271
CGS001_NPC_96H:BTG2:1.5,trt_sh.cgs,7832
CGS001_NPC_96H:BTG3:1.5,trt_sh.cgs,10950
CGS001_NPC_96H:FADD:1.5,trt_sh.cgs,8772
CGS001_NPC_96H:NSA2:1.5,trt_sh.cgs,10412
CGS001_NPC_96H:UGP2:1.5,trt_sh.cgs,7360
CGS001_NPC_96H:GSK3B:1.5,trt_sh.cgs,2932
CGS001_NPC_96H:USP16:1.5,trt_sh.cgs,10600
CGS001_NPC_96H:USP20:1.5,trt_sh.cgs,10868
CGS001_NPC_96H:ABAT:1.5,trt_sh.cgs,18
CGS001_NPC_96H:EFCAB2:1.5,trt_sh.cgs,84288
CGS001_NPC_96H:PDS5B:1.5,trt_sh.cgs,23047
CGS001_NPC_96H:SMYD3:1.5,trt_sh.cgs,64754
CGS001_NPC_96H:SFMBT1:1.5,trt_sh.cgs,51460
CGS001_NPC_96H:SEC61A2:1.5,trt_sh.cgs,55176
CGS001_NPC_96H:CLCN3:1.5,trt_sh.cgs,1182
CGS001_NPC_96H:GSK3A:1.5,trt_sh.cgs,2931
CGS001_NPC_96H:PEX12:1.5,trt_sh.cgs,5193
CGS001_NPC_96H:PEX19:1.5,trt_sh.cgs,5824
CGS001_NPC_96H:SLC2A1:1.5,trt_sh.cgs,6513
CGS001_NPC_96H:FTSJ1:1.5,trt_sh.cgs,24140
CGS001_NPC_96H:RAB1B:1.5,trt_sh.cgs,81876
CGS001_NPC_96H:GOLIM4:1.5,trt_sh.cgs,27333
CGS001_NPC_96H:LRRC40:1.5,trt_sh.cgs,55631
CGS001_NPC_96H:SLC16A6:1.5,trt_sh.cgs,9120
CGS001_NPC_96H:SLC36A1:1.5,trt_sh.cgs,206358
CGS001_NPC_96H:ZNHIT3:1.5,trt_sh.cgs,9326
CGS001_NPC_96H:FIBP:1.5,trt_sh.cgs,9158
CGS001_NPC_96H:SCAF8:1.5,trt_sh.cgs,22828
CGS001_NPC_96H:UVRAG:1.5,trt_sh.cgs,7405
CGS001_NPC_96H:WRN:1.5,trt_sh.cgs,7486
CGS001_NPC_96H:SLC25A22:1.5,trt_sh.cgs,79751
CGS001_NPC_96H:SUCLG1:1.5,trt_sh.cgs,8802
CGS001_NPC_96H:TTF1:1.5,trt_sh.cgs,7270
CGS001_NPC_96H:ZC3H4:1.5,trt_sh.cgs,23211
CGS001_NPC_96H:ATP6V1F:1.5,trt_sh.cgs,9296
CGS001_NPC_96H:RHOBTB1:1.5,trt_sh.cgs,9886
CGS001_NPC_96H:SKP2:1.5,trt_sh.cgs,6502
CGS001_NPC_96H:WWOX:1.5,trt_sh.cgs,51741
CGS001_NPC_96H:MAN2A2:1.5,trt_sh.cgs,4122
CGS001_NPC_96H:MRPL18:1.5,trt_sh.cgs,29074
CGS001_NPC_96H:PARL:1.5,trt_sh.cgs,55486
CGS001_NPC_96H:PUM2:1.5,trt_sh.cgs,23369
CGS001_NPC_96H:ZER1:1.5,trt_sh.cgs,10444
CGS001_NPC_96H:ERCC5:1.5,trt_sh.cgs,2073
CGS001_NPC_96H:CCT7:1.5,trt_sh.cgs,10574
CGS001_NPC_96H:CCT8:1.5,trt_sh.cgs,10694
CGS001_NPC_96H:PJA1:1.5,trt_sh.cgs,64219
CGS001_NPC_96H:PSMD5:1.5,trt_sh.cgs,5711
CGS001_NPC_96H:RPF1:1.5,trt_sh.cgs,80135
CGS001_NPC_96H:HIST1H2BD:1.5,trt_sh.cgs,3017
CGS001_NPC_96H:VAMP7:1.5,trt_sh.cgs,6845
CGS001_NPC_96H:RBBP6:1.5,trt_sh.cgs,5930
CGS001_NPC_96H:AKR1A1:1.5,trt_sh.cgs,10327
CGS001_NPC_96H:MGST2:1.5,trt_sh.cgs,4258
CGS001_NPC_96H:TRIP10:1.5,trt_sh.cgs,9322
CGS001_NPC_96H:BRPF1:1.5,trt_sh.cgs,7862
CGS001_NPC_96H:CMPK1:1.5,trt_sh.cgs,51727
CGS001_NPC_96H:ID4:1.5,trt_sh.cgs,3400
CGS001_NPC_96H:SRRM1:1.5,trt_sh.cgs,10250
CGS001_NPC_96H:SGK1:1.5,trt_sh.cgs,6446
CGS001_NPC_96H:ZBTB5:1.5,trt_sh.cgs,9925
CGS001_NPC_96H:AFG3L2:1.5,trt_sh.cgs,10939
CGS001_NPC_96H:ARHGEF5:1.5,trt_sh.cgs,7984
CGS001_NPC_96H:SMG7:1.5,trt_sh.cgs,9887
CGS001_NPC_96H:UTP18:1.5,trt_sh.cgs,51096
CGS001_NPC_96H:ASMTL:1.5,trt_sh.cgs,8623
CGS001_NPC_96H:IL1RAP:1.5,trt_sh.cgs,3556
CGS001_NPC_96H:KBTBD2:1.5,trt_sh.cgs,25948
CGS001_NPC_96H:MARK4:1.5,trt_sh.cgs,57787
CGS001_NPC_96H:ZBTB24:1.5,trt_sh.cgs,9841
CGS001_NPC_96H:NDUFB6:1.5,trt_sh.cgs,4712
CGS001_NPC_96H:CTNS:1.5,trt_sh.cgs,1497
CGS001_NPC_96H:CISH:1.5,trt_sh.cgs,1154
CGS001_NPC_96H:ATP1A3:1.5,trt_sh.cgs,478
CGS001_NPC_96H:FAM3C:1.5,trt_sh.cgs,10447
CGS001_NPC_96H:PPP4R1:1.5,trt_sh.cgs,9989
CGS001_NPC_96H:SRSF4:1.5,trt_sh.cgs,6429
CGS001_NPC_96H:RABGGTA:1.5,trt_sh.cgs,5875
CGS001_NPC_96H:EIF1B:1.5,trt_sh.cgs,10289
CGS001_NPC_96H:FEZ1:1.5,trt_sh.cgs,9638
CGS001_NPC_96H:YTHDF2:1.5,trt_sh.cgs,51441
CGS001_NPC_96H:ETFA:1.5,trt_sh.cgs,2108
CGS001_NPC_96H:GTDC1:1.5,trt_sh.cgs,79712
CGS001_NPC_96H:BRAF:1.5,trt_sh.cgs,673
CGS001_NPC_96H:CLASRP:1.5,trt_sh.cgs,11129
CGS001_NPC_96H:SEC24B:1.5,trt_sh.cgs,10427
CGS001_NPC_96H:SEC24C:1.5,trt_sh.cgs,9632
CGS001_NPC_96H:BAZ1B:1.5,trt_sh.cgs,9031
CGS001_NPC_96H:BAZ2B:1.5,trt_sh.cgs,29994
CGS001_NPC_96H:EPB41L4B:1.5,trt_sh.cgs,54566
CGS001_NPC_96H:FAM114A2:1.5,trt_sh.cgs,10827
CGS001_NPC_96H:PPP3CA:1.5,trt_sh.cgs,5530
CGS001_NPC_96H:KAZALD1:1.5,trt_sh.cgs,81621
CGS001_NPC_96H:ACSL1:1.5,trt_sh.cgs,2180
CGS001_NPC_96H:CACNA1C:1.5,trt_sh.cgs,775
CGS001_NPC_96H:QRSL1:1.5,trt_sh.cgs,55278
CGS001_NPC_96H:TOMM22:1.5,trt_sh.cgs,56993
CGS001_NPC_96H:PPP2R5B:1.5,trt_sh.cgs,5526
CGS001_NPC_96H:UXT:1.5,trt_sh.cgs,8409
CGS001_NPC_96H:HLF:1.5,trt_sh.cgs,3131
CGS001_NPC_96H:TLE3:1.5,trt_sh.cgs,7090
CGS001_NPC_96H:AP1B1:1.5,trt_sh.cgs,162
CGS001_NPC_96H:CREB3L2:1.5,trt_sh.cgs,64764
CGS001_NPC_96H:PMPCB:1.5,trt_sh.cgs,9512
CGS001_NPC_96H:DNAJB12:1.5,trt_sh.cgs,54788
CGS001_NPC_96H:PPP2R3A:1.5,trt_sh.cgs,5523
CGS001_NPC_96H:ALMS1:1.5,trt_sh.cgs,7840
CGS001_NPC_96H:RAB3GAP1:1.5,trt_sh.cgs,22930
CGS001_NPC_96H:STAT6:1.5,trt_sh.cgs,6778
CGS001_NPC_96H:GPRC5C:1.5,trt_sh.cgs,55890
CGS001_NPC_96H:RAD23B:1.5,trt_sh.cgs,5887
CGS001_NPC_96H:GMEB2:1.5,trt_sh.cgs,26205
CGS001_NPC_96H:NAA50:1.5,trt_sh.cgs,80218
CGS001_NPC_96H:KCTD2:1.5,trt_sh.cgs,23510
CGS001_NPC_96H:ASAP2:1.5,trt_sh.cgs,8853
CGS001_NPC_96H:KDELR3:1.5,trt_sh.cgs,11015
CGS001_NPC_96H:CHCHD7:1.5,trt_sh.cgs,79145
CGS001_NPC_96H:SETDB1:1.5,trt_sh.cgs,9869
CGS001_NPC_96H:ERCC1:1.5,trt_sh.cgs,2067
CGS001_NPC_96H:SETD1B:1.5,trt_sh.cgs,23067
CGS001_NPC_96H:MPDZ:1.5,trt_sh.cgs,8777
CGS001_NPC_96H:ZAP70:1.5,trt_sh.cgs,7535
CGS001_NPC_96H:ASH2L:1.5,trt_sh.cgs,9070
CGS001_NPC_96H:CRADD:1.5,trt_sh.cgs,8738
CGS001_NPC_96H:ENTPD6:1.5,trt_sh.cgs,955
CGS001_NPC_96H:LAMTOR3:1.5,trt_sh.cgs,8649
CGS001_NPC_96H:HGS:1.5,trt_sh.cgs,9146
CGS001_NPC_96H:PKD1:1.5,trt_sh.cgs,5310
CGS001_NPC_96H:OGFOD1:1.5,trt_sh.cgs,55239
CGS001_NPC_96H:ERCC6L:1.5,trt_sh.cgs,54821
CGS001_NPC_96H:KHDRBS1:1.5,trt_sh.cgs,10657
CGS001_NPC_96H:LHPP:1.5,trt_sh.cgs,64077
CGS001_NPC_96H:IKBKG:1.5,trt_sh.cgs,8517
CGS001_NPC_96H:ZRSR2:1.5,trt_sh.cgs,8233
CGS001_NPC_96H:GGA2:1.5,trt_sh.cgs,23062
CGS001_NPC_96H:DDOST:1.5,trt_sh.cgs,1650
